{
	"info": {
		"_postman_id": "943532ff-e1ef-43f6-9423-2dbb7f25878d",
		"name": "Categorias",
		"schema": "https://schema.getpostman.com/json/collection/v2.1.0/collection.json",
		"_exporter_id": "17967844",
		"_collection_link": "https://dark-station-531392.postman.co/workspace/API_Site_Mulher~01a8a2e4-682c-497e-9d40-001139218bb5/collection/17967844-943532ff-e1ef-43f6-9423-2dbb7f25878d?action=share&creator=17967844&source=collection_link"
	},
	"item": [
		{
			"name": "RegisterCategoria",
			"request": {
				"method": "POST",
				"header": [
					{
						"key": "Accept",
						"value": "application/json",
						"type": "text"
					},
					{
						"key": "Authorization",
						"value": "Bearer {{accessToken}}",
						"type": "text"
					}
				],
				"body": {
					"mode": "raw",
					"raw": "{\r\n  \"NomeCategoria\": \"Direitos Contra Violência Institucional\",\r\n  \"NomeTag\": \"#DireitosContraViolênciaInstitucional\"\r\n}",
					"options": {
						"raw": {
							"language": "json"
						}
					}
				},
				"url": {
					"raw": "{{baseUrl}}/api/categorias/v1/registercategoria",
					"host": [
						"{{baseUrl}}"
					],
					"path": [
						"api",
						"categorias",
						"v1",
						"registercategoria"
					]
				}
			},
			"response": []
		},
		{
			"name": "RegisterCategoriaPoster",
			"request": {
				"method": "GET",
				"header": [
					{
						"key": "Accept",
						"value": "application/json",
						"type": "text"
					},
					{
						"key": "Authorization",
						"value": "Bearer {{accessToken}}",
						"type": "text"
					}
				],
				"url": {
					"raw": "{{baseUrl}}/api/categorias/v1/3/7",
					"host": [
						"{{baseUrl}}"
					],
					"path": [
						"api",
						"categorias",
						"v1",
						"3",
						"7"
					]
				}
			},
			"response": []
		},
		{
			"name": "GetCategorias",
			"request": {
				"method": "GET",
				"header": [
					{
						"key": "Accept",
						"value": "application/json",
						"type": "text"
					},
					{
						"key": "Authorization",
						"value": "Bearer {{accessToken}}",
						"type": "text"
					}
				],
				"url": {
					"raw": "{{baseUrl}}/api/categorias/v1/asc/10/1",
					"host": [
						"{{baseUrl}}"
					],
					"path": [
						"api",
						"categorias",
						"v1",
						"asc",
						"10",
						"1"
					]
				}
			},
			"response": []
		},
		{
			"name": "GetPosteresByIdCategoria",
			"request": {
				"method": "GET",
				"header": [
					{
						"key": "Accept",
						"value": "application/json",
						"type": "text"
					},
					{
						"key": "Authorization",
						"value": "Bearer {{accessToken}}",
						"type": "text"
					}
				],
				"url": {
					"raw": "{{baseUrl}}/api/categorias/v1/1",
					"host": [
						"{{baseUrl}}"
					],
					"path": [
						"api",
						"categorias",
						"v1",
						"1"
					]
				}
			},
			"response": []
		},
		{
			"name": "DeleteCategoria",
			"request": {
				"method": "DELETE",
				"header": [
					{
						"key": "Accept",
						"value": "application/json",
						"type": "text"
					},
					{
						"key": "Authorization",
						"value": "Bearer {{accessToken}}",
						"type": "text"
					}
				],
				"url": {
					"raw": "{{baseUrl}}/api/categorias/v1/8",
					"host": [
						"{{baseUrl}}"
					],
					"path": [
						"api",
						"categorias",
						"v1",
						"8"
					],
					"query": [
						{
							"key": "Title",
							"value": "klsjdalfjk",
							"disabled": true
						}
					]
				}
			},
			"response": []
		},
		{
			"name": "UpdateCategoria",
			"request": {
				"method": "PUT",
				"header": [
					{
						"key": "Accept",
						"value": "application/json",
						"type": "text"
					},
					{
						"key": "Authorization",
						"value": "Bearer {{accessToken}}",
						"type": "text"
					}
				],
				"body": {
					"mode": "raw",
					"raw": "{\r\n    \"id\": 8,\r\n    \"nomeCategoria\": \"Ajudar Psicologica\",\r\n    \"nomeTag\": \"#AjudarPsicologica\"\r\n}",
					"options": {
						"raw": {
							"language": "json"
						}
					}
				},
				"url": {
					"raw": "{{baseUrl}}/api/categorias/v1/",
					"host": [
						"{{baseUrl}}"
					],
					"path": [
						"api",
						"categorias",
						"v1",
						""
					]
				}
			},
			"response": []
		}
	]
}